id,省份,类型,lat,long,传感器数量
1,北京市,火电,40.52456787,116.4621149,1090
2,北京市,火电,40.55394048,116.6003821,1272
3,北京市,火电,40.42362692,116.4276773,1611
4,天津市,火电,40.1584546,117.5565729,986
5,天津市,火电,39.10144264,117.8346447,1438
6,天津市,火电,39.48670976,117.1660269,979
7,天津市,火电,38.85980182,117.3024106,561
8,天津市,火电,38.7916371,117.3118241,1695
9,天津市,光伏,38.75955858,117.4442238,1471
10,上海市,火电,31.02495656,120.9590515,1187
11,上海市,火电,31.65252391,121.4662758,964
12,上海市,火电,30.96119701,121.1815856,1490
13,上海市,火电,31.2441763,121.6259096,1574
14,上海市,火电,31.39769149,121.1721426,1221
15,上海市,火电,31.61689548,121.7274071,638
16,重庆市,火电,30.05913495,106.556201,1542
17,重庆市,火电,29.15422174,105.811224,546
18,重庆市,火电,30.57676816,108.3370919,1846
19,重庆市,火电,31.38109067,109.7706353,1207
20,重庆市,水电,30.06063694,107.7280189,1919
21,重庆市,水电,31.11293222,109.8288597,1599
22,重庆市,水电,28.45284613,108.7522431,896
23,重庆市,水电,28.44481841,109.0282666,1630
24,重庆市,水电,31.00657976,109.4104584,666
25,西藏自治区,光伏,27.79911033,89.23620605,1749
26,广西壮族自治区,火电,23.48061819,110.0460802,993
27,广西壮族自治区,火电,25.22892949,109.2414535,560
28,广西壮族自治区,火电,22.16046444,107.6401562,1614
29,广西壮族自治区,火电,23.97764973,108.891121,511
30,广西壮族自治区,水电,22.00662236,109.9149753,1810
31,广西壮族自治区,水电,22.07143132,109.6246178,1990
32,广西壮族自治区,水电,22.01315379,109.1322622,1096
33,广西壮族自治区,水电,23.40760839,108.4633394,1077
34,广西壮族自治区,水电,24.04379946,109.7271261,659
35,广西壮族自治区,水电,24.12808787,106.8223691,1911
36,广西壮族自治区,水电,24.54037476,106.3356226,690
37,广西壮族自治区,水电,21.91197879,108.2102795,643
38,广西壮族自治区,水电,25.24143345,111.1120939,1941
39,广西壮族自治区,水电,24.41508147,107.2011676,1833
40,广西壮族自治区,水电,23.15908182,111.1581359,1574
41,广西壮族自治区,水电,25.5483357,109.1253693,1910
42,广西壮族自治区,水电,21.93777323,107.9855454,1567
43,广西壮族自治区,水电,24.76092872,111.7627462,603
44,广西壮族自治区,水电,22.50654551,106.7417714,1273
45,广西壮族自治区,水电,24.71523239,111.3730509,1313
46,广西壮族自治区,水电,22.01876617,107.7631558,758
47,广西壮族自治区,风电,24.93944566,108.0790252,855
48,广西壮族自治区,光伏,24.0536418,109.3783618,1502
49,内蒙古自治区,火电,48.70345914,123.8223773,897
50,内蒙古自治区,火电,44.0619673,118.2458773,1014
51,内蒙古自治区,火电,49.4352855,118.2031257,1306
52,内蒙古自治区,火电,42.12155912,109.7100452,1211
53,内蒙古自治区,火电,42.53909258,121.7894465,1808
54,内蒙古自治区,火电,49.06813808,119.8533869,984
55,内蒙古自治区,火电,41.14856436,111.3848445,1634
56,内蒙古自治区,火电,51.04506411,120.2569254,618
57,内蒙古自治区,火电,39.91847748,109.7284717,908
58,内蒙古自治区,火电,44.5411575,116.819123,605
59,内蒙古自治区,火电,40.5843384,112.1595994,1517
60,内蒙古自治区,火电,44.24198176,111.7683819,1432
61,内蒙古自治区,火电,47.36995751,122.1526134,928
62,内蒙古自治区,火电,41.60068519,118.2765163,1831
63,内蒙古自治区,火电,43.76028777,115.4774497,1973
64,内蒙古自治区,火电,41.58288308,103.0873528,1410
65,内蒙古自治区,火电,39.96831153,105.0835956,1316
66,内蒙古自治区,火电,40.49195944,108.0215651,801
67,内蒙古自治区,火电,41.63605602,113.4197667,1945
68,内蒙古自治区,火电,43.67101371,121.5040494,578
69,内蒙古自治区,火电,41.88318544,108.8007268,1679
70,内蒙古自治区,火电,39.70052659,110.2582583,1407
71,内蒙古自治区,火电,44.94094643,118.7438171,569
72,内蒙古自治区,火电,41.8299447,112.0151226,921
73,内蒙古自治区,火电,40.94446024,103.5920161,1968
74,内蒙古自治区,火电,41.49763297,108.8196344,1132
75,内蒙古自治区,火电,41.00509585,113.2050124,986
76,内蒙古自治区,火电,41.83551829,104.4504011,1849
77,内蒙古自治区,风电,38.64207465,104.8028592,1545
78,内蒙古自治区,风电,41.64072988,106.7374858,1792
79,内蒙古自治区,风电,41.57385086,99.72849251,660
80,内蒙古自治区,风电,42.23653817,110.6001736,1814
81,内蒙古自治区,风电,50.91193003,120.8422338,1673
82,内蒙古自治区,风电,39.6526313,102.516722,1125
83,内蒙古自治区,风电,40.60096509,110.4766598,1105
84,内蒙古自治区,风电,50.19932147,125.026406,1260
85,内蒙古自治区,风电,43.69373652,119.2454781,1158
86,内蒙古自治区,风电,44.09598271,111.9775277,1452
87,内蒙古自治区,风电,41.18883607,99.07776339,1073
88,内蒙古自治区,风电,41.06654037,98.79049128,1039
89,内蒙古自治区,风电,48.55598697,118.283471,1550
90,内蒙古自治区,风电,43.95896969,114.9464675,1380
91,内蒙古自治区,风电,44.09269544,114.2259783,551
92,内蒙古自治区,风电,43.28549093,118.6889901,1440
93,内蒙古自治区,风电,49.17644366,119.9167531,941
94,内蒙古自治区,风电,42.59637657,112.1746841,632
95,内蒙古自治区,风电,41.5949635,104.8796561,1385
96,内蒙古自治区,风电,45.42096877,117.2435184,1194
97,内蒙古自治区,风电,40.79548773,102.5688825,806
98,内蒙古自治区,风电,41.6408976,110.8413334,837
99,内蒙古自治区,风电,41.2416443,99.58096561,1608
100,内蒙古自治区,风电,37.97706886,108.5685036,1118
101,内蒙古自治区,风电,40.42221172,111.0129495,1831
102,内蒙古自治区,风电,39.40491106,108.6158193,1505
103,内蒙古自治区,风电,41.33490657,102.8689456,751
104,内蒙古自治区,风电,42.36898701,100.8435972,823
105,内蒙古自治区,风电,47.71212601,121.4871002,1023
106,内蒙古自治区,风电,44.61091979,115.2617027,1029
107,内蒙古自治区,风电,39.38642587,101.5106498,1326
108,内蒙古自治区,风电,41.90861772,107.9688047,571
109,内蒙古自治区,风电,50.46549415,123.8478628,845
110,内蒙古自治区,风电,42.90816311,116.667777,1398
111,内蒙古自治区,风电,49.23318194,116.7881978,1846
112,内蒙古自治区,风电,39.156063,104.506796,1965
113,内蒙古自治区,风电,49.80758516,124.6250289,782
114,内蒙古自治区,风电,43.76814447,114.8941476,635
115,内蒙古自治区,风电,47.45420919,120.1994317,1829
116,内蒙古自治区,风电,43.4931372,120.5532693,1212
117,内蒙古自治区,风电,41.88836474,99.72354801,1681
118,内蒙古自治区,光伏,48.58817615,121.9339207,1116
119,内蒙古自治区,光伏,47.58109811,121.7230835,598
120,内蒙古自治区,光伏,41.63263074,111.2168948,1656
121,内蒙古自治区,光伏,40.02516799,104.8985215,1158
122,内蒙古自治区,光伏,50.94470745,123.8659729,601
123,内蒙古自治区,光伏,49.93984853,122.5175947,1760
124,内蒙古自治区,光伏,47.44396148,119.452936,642
125,内蒙古自治区,光伏,39.62901564,105.1183696,726
126,内蒙古自治区,光伏,41.14461485,109.7653392,811
127,内蒙古自治区,光伏,44.28580747,119.9247748,1223
128,内蒙古自治区,光伏,43.7296099,122.2866241,1099
129,宁夏回族自治区,火电,38.26184531,106.3972875,797
130,宁夏回族自治区,火电,38.15536722,106.5245317,1575
131,宁夏回族自治区,火电,37.21813102,105.3457597,1285
132,宁夏回族自治区,火电,38.03274597,106.0102578,1304
133,宁夏回族自治区,火电,36.27383479,106.3916181,1052
134,宁夏回族自治区,火电,35.37652167,106.3865811,1178
135,宁夏回族自治区,火电,36.96942659,106.5692281,1024
136,宁夏回族自治区,火电,35.95238241,106.5802127,760
137,宁夏回族自治区,风电,37.37699344,105.7032613,888
138,宁夏回族自治区,风电,39.27314624,106.5971186,1286
139,宁夏回族自治区,风电,37.89312246,106.3154724,1234
140,宁夏回族自治区,风电,39.1126202,106.1473499,1606
141,宁夏回族自治区,风电,37.91233499,106.23229,1383
142,宁夏回族自治区,风电,39.06868513,106.3465405,1205
143,宁夏回族自治区,风电,35.66694842,105.8797481,1723
144,宁夏回族自治区,风电,36.76300763,106.1167692,1205
145,宁夏回族自治区,风电,35.92151414,105.6091553,1229
146,宁夏回族自治区,风电,37.67040489,107.2272799,1210
147,宁夏回族自治区,风电,37.68908379,106.0155815,1601
148,宁夏回族自治区,光伏,38.76010779,106.3304105,711
149,宁夏回族自治区,光伏,36.48382901,105.4466857,1637
150,宁夏回族自治区,光伏,35.79365084,105.6576527,765
151,宁夏回族自治区,光伏,36.92689581,105.5476378,1477
152,宁夏回族自治区,光伏,38.13776758,106.050451,1162
153,宁夏回族自治区,光伏,39.20779936,106.7230878,1584
154,宁夏回族自治区,光伏,36.40174068,105.9740773,1208
155,宁夏回族自治区,光伏,37.67416043,105.2344967,1304
156,宁夏回族自治区,光伏,35.69760046,106.2670544,573
157,新疆维吾尔自治区,火电,41.16188243,89.54937454,1972
158,新疆维吾尔自治区,火电,40.22653018,90.85165761,1177
159,新疆维吾尔自治区,火电,46.49670297,83.15900674,540
160,新疆维吾尔自治区,火电,41.43097395,87.72256189,1958
161,新疆维吾尔自治区,火电,42.1958292,83.99894762,858
162,新疆维吾尔自治区,火电,37.62429448,77.51978448,697
163,新疆维吾尔自治区,火电,40.19651557,78.69692787,1549
164,新疆维吾尔自治区,火电,43.30000518,83.25323084,1085
165,新疆维吾尔自治区,火电,46.98974746,89.58123263,1580
166,新疆维吾尔自治区,火电,44.07121972,80.51146132,1266
167,新疆维吾尔自治区,火电,44.60824525,89.01536013,1299
168,新疆维吾尔自治区,火电,37.07985092,86.57142673,1284
169,新疆维吾尔自治区,火电,37.49406278,89.21952485,1107
170,新疆维吾尔自治区,火电,39.30442353,74.40020893,1628
171,新疆维吾尔自治区,火电,43.0983592,88.9260709,1491
172,新疆维吾尔自治区,火电,45.9540145,84.06932841,1226
173,新疆维吾尔自治区,火电,39.63308815,76.67599923,776
174,新疆维吾尔自治区,水电,43.25781461,86.40422265,1026
175,新疆维吾尔自治区,水电,42.59317023,81.58030983,866
176,新疆维吾尔自治区,水电,45.82502046,86.96683358,1809
177,新疆维吾尔自治区,水电,41.64417487,83.07576233,785
178,新疆维吾尔自治区,水电,39.56523594,87.58501,1812
179,新疆维吾尔自治区,风电,48.68922254,87.86138427,627
180,新疆维吾尔自治区,风电,36.03928945,81.76532561,1587
181,新疆维吾尔自治区,风电,38.93371276,77.30791252,1526
182,新疆维吾尔自治区,风电,36.79989501,87.21951934,1104
183,新疆维吾尔自治区,风电,42.54434918,80.99949772,1410
184,新疆维吾尔自治区,风电,39.42870245,83.17801337,1437
185,新疆维吾尔自治区,风电,42.78680192,88.18097886,1057
186,新疆维吾尔自治区,风电,42.24555848,88.0109821,824
187,新疆维吾尔自治区,风电,41.92297219,90.78391678,1503
188,新疆维吾尔自治区,风电,40.89444282,85.39010016,1195
189,新疆维吾尔自治区,风电,38.73508765,77.83054723,689
190,新疆维吾尔自治区,风电,41.86722727,85.53953005,1430
191,新疆维吾尔自治区,风电,38.72422577,85.79534298,1839
192,新疆维吾尔自治区,风电,48.06736843,88.06794852,1807
193,新疆维吾尔自治区,风电,45.01750257,92.67142741,1417
194,新疆维吾尔自治区,风电,39.5019026,79.17717777,1789
195,新疆维吾尔自治区,风电,45.90576622,89.77654612,1347
196,新疆维吾尔自治区,风电,43.92995086,95.06255495,801
197,新疆维吾尔自治区,风电,45.97297277,85.86516094,616
198,新疆维吾尔自治区,风电,43.40886681,91.81884095,1113
199,新疆维吾尔自治区,风电,36.08068936,78.25167794,565
200,新疆维吾尔自治区,风电,43.421744,89.98008508,1462
201,新疆维吾尔自治区,光伏,42.31479598,86.44110227,743
202,新疆维吾尔自治区,光伏,36.27997128,77.20304882,818
203,新疆维吾尔自治区,光伏,44.72367796,86.30055432,1638
204,新疆维吾尔自治区,光伏,43.36286676,81.17887711,812
205,新疆维吾尔自治区,光伏,47.89055668,87.10434112,1865
206,新疆维吾尔自治区,光伏,46.30493698,83.72667737,1027
207,新疆维吾尔自治区,光伏,44.49552486,91.55727677,1170
208,新疆维吾尔自治区,光伏,38.63148922,82.27144803,1092
209,新疆维吾尔自治区,光伏,44.16330163,82.13115468,1851
210,新疆维吾尔自治区,光伏,41.72043625,83.39015224,1172
211,新疆维吾尔自治区,光伏,39.65950325,81.89015686,1839
212,湖南省,火电,28.48871325,112.5444884,1458
213,湖南省,火电,27.27033939,111.3809845,529
214,湖南省,火电,27.31722913,111.8663449,773
215,湖南省,火电,28.11041236,111.9776565,621
216,湖南省,火电,28.01260867,109.5850968,1422
217,湖南省,水电,29.96470971,111.0308478,562
218,湖南省,水电,26.828525,113.0307226,1829
219,湖南省,水电,27.05794902,109.6307596,1724
220,湖南省,水电,26.75223505,110.0207455,877
221,湖南省,水电,28.37398004,110.8096455,611
222,湖南省,水电,28.16052641,109.8798405,1660
223,湖南省,水电,26.99946176,110.936734,649
224,湖南省,水电,26.71855071,112.1129556,1761
225,湖南省,水电,27.61745995,112.5862068,1306
226,湖南省,水电,28.83574174,109.3582883,1099
227,湖南省,水电,29.02900408,109.5941159,1311
228,湖南省,水电,29.26100448,110.963985,662
229,湖南省,水电,26.91424099,110.1173534,1083
230,湖南省,风电,28.53762454,112.890647,1976
231,湖南省,风电,27.59056856,111.1543147,1215
232,湖南省,风电,27.50981705,109.421599,1525
233,湖南省,光伏,27.231624,111.9799847,1540
234,海南省,火电,18.70640063,110.3340536,779
235,海南省,火电,19.88144626,110.9779525,1616
236,海南省,光伏,19.41840653,109.3331199,1244
237,云南省,火电,24.37388698,103.4756629,1418
238,云南省,火电,22.09349262,101.2694959,922
239,云南省,水电,26.08663199,104.4829723,1231
240,云南省,水电,24.70452745,99.70254551,1819
241,云南省,水电,23.72174279,104.8207642,1893
242,云南省,水电,24.91757239,103.5238691,1104
243,云南省,水电,25.4580961,99.94705785,1554
244,云南省,水电,24.7782484,100.4679026,1139
245,云南省,水电,25.48488453,102.9891474,829
246,云南省,水电,23.25353247,104.3373324,1784
247,云南省,水电,25.47226178,102.5018233,1912
248,云南省,水电,25.62772401,100.2654441,1358
249,云南省,水电,24.01149138,100.9684058,578
250,云南省,水电,22.14090435,99.38439613,831
251,云南省,水电,27.79205335,105.13237,906
252,云南省,水电,22.89107172,100.5716572,1746
253,云南省,水电,23.87754952,105.4516139,636
254,云南省,水电,22.65722712,102.7667342,1660
255,云南省,水电,26.97400174,99.37073513,1406
256,云南省,水电,25.793107,101.0674049,796
257,云南省,水电,23.31256489,100.9820286,1561
258,云南省,水电,24.52740804,102.1513057,1125
259,云南省,水电,24.54526553,103.4173216,1915
260,云南省,水电,27.15797108,99.16704979,613
261,云南省,水电,21.89891062,100.1028454,1120
262,云南省,水电,23.67538072,104.7198637,887
263,云南省,水电,28.46752424,99.07966402,1816
264,云南省,水电,25.55768566,102.5424098,806
265,云南省,水电,24.42408373,105.0775622,1916
266,云南省,水电,27.20157196,99.06594661,1375
267,云南省,水电,24.0514,97.92532711,1011
268,云南省,水电,26.47963525,103.6042428,1349
269,云南省,水电,26.04394156,100.9621599,906
270,云南省,水电,22.88600875,102.8612267,1942
271,云南省,水电,25.29985739,104.2123876,1143
272,云南省,水电,27.84428597,99.23252216,1390
273,云南省,水电,22.14131955,99.63374356,997
274,云南省,水电,23.473058,102.5907882,967
275,云南省,水电,24.36476423,98.19282987,1643
276,云南省,水电,23.84939883,105.2621046,1622
277,云南省,水电,24.47189287,100.6332288,857
278,云南省,水电,27.18411354,99.73482389,1564
279,云南省,水电,23.84429751,105.8253812,1813
280,云南省,水电,22.18462237,101.1357543,1166
281,云南省,水电,27.65626524,100.456279,891
282,云南省,水电,25.18449409,103.9555776,524
283,云南省,水电,21.77069676,100.9669871,1917
284,云南省,水电,24.86786561,100.1499792,1473
285,云南省,水电,27.25841958,103.4352286,1939
286,云南省,水电,24.53685309,101.1983121,1283
287,云南省,水电,23.98343686,104.0937838,523
288,云南省,水电,23.71507897,103.6368048,1201
289,云南省,风电,28.61763937,98.79333022,861
290,云南省,风电,24.87963937,104.2951882,1321
291,云南省,风电,26.06186369,104.0300874,1005
292,云南省,风电,22.97656236,99.92406552,572
293,云南省,风电,24.99184243,104.6549638,756
294,云南省,风电,28.536604,99.65352172,1884
295,云南省,风电,26.04830318,101.6794422,1578
296,云南省,风电,23.70001645,100.6162686,1521
297,云南省,风电,27.47286032,100.8803273,1113
298,云南省,风电,26.66513668,101.2419503,1709
299,云南省,风电,21.83085574,101.7715148,1068
300,云南省,风电,28.14606009,98.69600439,1580
301,云南省,风电,23.64968022,103.860933,1949
302,云南省,风电,23.90240806,105.4906095,1724
303,云南省,光伏,24.7944013,101.0368698,1911
304,云南省,光伏,24.75385935,99.09745305,1829
305,云南省,光伏,24.65275246,97.8138859,589
306,广东省,火电,23.58640628,113.866555,527
307,广东省,火电,23.56690216,113.0210662,1569
308,广东省,火电,23.29481296,114.325987,1466
309,广东省,火电,24.50661617,112.8614262,1967
310,广东省,火电,22.68012528,113.3107053,1477
311,广东省,火电,23.16646355,115.6985874,1953
312,广东省,火电,21.51845205,110.71532,1505
313,广东省,火电,23.03993166,114.2767663,935
314,广东省,火电,21.54846434,112.3409681,1629
315,广东省,火电,23.9201311,116.243408,1517
316,广东省,火电,24.35770067,115.3075992,1134
317,广东省,火电,22.05622822,114.2235947,1441
318,广东省,火电,22.57165709,113.3893029,1639
319,广东省,火电,21.74519827,112.2459374,1348
320,广东省,火电,22.95498265,115.7177363,1022
321,广东省,火电,24.48797921,116.5773087,1811
322,广东省,火电,24.9871365,113.0312835,625
323,广东省,火电,24.45547856,115.4545524,1569
324,广东省,火电,24.53942558,113.6009578,742
325,广东省,火电,23.30719137,112.09562,674
326,广东省,火电,22.16111861,111.0574416,819
327,广东省,火电,22.54408396,113.8173882,994
328,广东省,火电,23.9479836,116.7836207,1248
329,广东省,火电,22.86910791,114.2068132,653
330,广东省,水电,21.83204027,110.072363,1153
331,广东省,水电,21.28485222,109.7928269,987
332,广东省,水电,22.61447269,113.4165303,681
333,广东省,水电,23.47275021,113.8632265,791
334,广东省,水电,23.92629748,112.1397314,1185
335,广东省,水电,21.68067279,110.6629509,1053
336,广东省,水电,20.91494044,109.7917992,676
337,广东省,水电,23.27964881,114.0830769,1167
338,广东省,水电,24.81865189,116.0807086,598
339,广东省,水电,21.78015537,111.5098981,1428
340,广东省,水电,24.49668242,113.0200402,1232
341,广东省,风电,22.79306517,112.7497568,1642
342,广东省,风电,23.32515184,113.8237498,1180
343,广东省,风电,22.38568645,111.9903584,1774
344,广东省,光伏,24.8960484,114.370523,1275
345,广东省,光伏,24.71171542,113.9607617,571
346,广东省,光伏,23.19028825,116.637864,1504
347,福建省,火电,25.59784086,117.6254611,965
348,福建省,火电,27.3859322,119.3036066,1274
349,福建省,火电,27.4377592,117.848513,1475
350,福建省,火电,25.13436951,118.9896473,1552
351,福建省,火电,25.60108338,118.4654002,1066
352,福建省,火电,24.8907083,116.8949133,1636
353,福建省,火电,26.96898783,119.7242611,1257
354,福建省,火电,25.1862483,119.4956167,1187
355,福建省,水电,23.87442453,117.7543279,1778
356,福建省,水电,26.45185502,116.789023,721
357,福建省,水电,27.64508239,117.946669,1425
358,福建省,水电,24.40504348,117.1995852,650
359,福建省,水电,25.7264158,117.8063169,554
360,福建省,水电,27.03324454,117.0419988,1890
361,福建省,水电,25.33519864,116.2823289,609
362,福建省,水电,27.55927377,117.2280061,1016
363,福建省,水电,25.51399803,119.8791761,858
364,福建省,水电,27.51703305,119.506313,1609
365,福建省,水电,25.22610611,116.6747475,715
366,福建省,风电,25.34154508,119.4803316,785
367,福建省,风电,25.8067246,118.8295465,1387
368,福建省,风电,25.19213924,119.1956135,777
369,贵州省,火电,25.13068331,105.414197,819
370,贵州省,火电,26.4838924,105.7371635,884
371,贵州省,火电,26.31982133,109.0298556,906
372,贵州省,火电,25.78163455,106.6665682,1169
373,贵州省,火电,27.51888853,106.5259806,1681
374,贵州省,火电,28.37909346,105.8636885,1804
375,贵州省,火电,26.06395142,107.5601586,1024
376,贵州省,火电,28.18091835,107.4472071,1412
377,贵州省,水电,25.54069687,105.0785305,1063
378,贵州省,水电,27.46742966,108.5095458,832
379,贵州省,水电,27.59603536,109.4185223,1258
380,贵州省,水电,27.69358006,105.9462494,1430
381,贵州省,水电,27.43200254,107.0637216,1614
382,贵州省,水电,26.39944706,107.2225519,1262
383,贵州省,水电,26.80951112,107.3728181,521
384,贵州省,水电,27.51803028,106.9269311,1576
385,贵州省,水电,27.57334876,106.3754538,534
386,贵州省,水电,26.7362326,105.3163102,1856
387,贵州省,水电,28.04963607,108.921056,616
388,贵州省,水电,25.19834206,105.1606294,1407
389,贵州省,水电,27.09464229,107.5725848,542
390,贵州省,水电,27.67736309,107.6583788,1465
391,贵州省,水电,26.72331788,104.9944494,526
392,贵州省,水电,26.88813106,107.0149097,1037
393,贵州省,水电,26.81655813,105.4619639,1500
394,贵州省,水电,25.70613733,105.6515405,1728
395,贵州省,风电,26.16545879,106.8811756,506
396,贵州省,风电,26.43727637,106.2465266,526
397,贵州省,风电,26.74215171,104.6361234,1794
398,贵州省,光伏,26.20822505,106.027702,1641
399,贵州省,光伏,25.38205998,105.5532053,876
400,贵州省,光伏,26.94371728,103.9000695,1475
401,贵州省,光伏,27.15120973,104.1903204,1343
402,贵州省,光伏,26.78052096,107.8098207,665
403,江西省,火电,28.89965558,114.8722193,1482
404,江西省,火电,27.52269387,113.983392,1120
405,江西省,火电,27.45995589,114.8413093,1139
406,江西省,火电,29.70441671,116.2797608,1085
407,江西省,火电,28.24797035,117.8994386,1621
408,江西省,火电,27.27183797,114.8475365,1237
409,江西省,水电,29.39133296,115.1080851,1332
410,江西省,水电,28.05129397,117.5637261,1621
411,江西省,水电,28.81588342,115.3695154,786
412,江西省,水电,28.65097319,114.593577,1202
413,江西省,风电,29.72522791,115.608009,795
414,江西省,光伏,25.60034203,115.0993902,1512
415,江西省,光伏,28.80986177,117.5712833,1511
416,江西省,光伏,28.48280435,114.2132821,1728
417,江西省,光伏,29.59838087,116.0727524,1268
418,浙江省,火电,28.63461519,121.2093018,657
419,浙江省,火电,28.78126201,118.6469413,1691
420,浙江省,火电,29.23591491,120.1023852,1752
421,浙江省,火电,27.68971927,119.2771634,853
422,浙江省,火电,29.38417439,121.7080657,1401
423,浙江省,火电,30.04870164,121.0104047,1397
424,浙江省,火电,30.40324858,122.5556774,903
425,浙江省,火电,29.57985766,121.2590238,958
426,浙江省,火电,28.71260739,120.4030399,1503
427,浙江省,火电,30.04897515,120.1924955,1662
428,浙江省,火电,30.56770675,121.7382376,718
429,浙江省,火电,30.63815451,119.3221069,535
430,浙江省,火电,28.49744154,119.8698627,1835
431,浙江省,火电,29.71754314,122.2829388,915
432,浙江省,火电,29.31540268,121.2448007,911
433,浙江省,火电,28.42861188,118.9620448,1816
434,浙江省,火电,28.66254938,119.9355599,607
435,浙江省,火电,28.50194461,119.8573234,1341
436,浙江省,水电,28.58623369,118.58764,1837
437,浙江省,水电,29.13689763,118.294337,507
438,浙江省,水电,28.02800895,120.8864095,1620
439,浙江省,水电,29.8476122,118.9731435,942
440,浙江省,水电,30.4577163,120.4565495,1777
441,浙江省,光伏,28.83538463,120.4659344,1953
442,浙江省,光伏,29.76228524,122.2233035,1679
443,浙江省,光伏,29.49763364,120.0581178,1262
444,浙江省,光伏,30.65385577,120.2439237,1680
445,四川省,火电,27.13070851,102.1668021,1304
446,四川省,火电,29.73422575,99.96747899,1207
447,四川省,火电,32.49359267,100.3735986,1092
448,四川省,火电,33.22556845,103.616689,1088
449,四川省,水电,31.06912201,99.91801909,1215
450,四川省,水电,31.97408297,98.98414008,657
451,四川省,水电,29.93121941,103.5230794,1254
452,四川省,水电,32.56313466,98.6020009,802
453,四川省,水电,30.42096435,102.0701104,1783
454,四川省,水电,31.72317503,105.4721857,1224
455,四川省,水电,28.34037005,105.0812039,788
456,四川省,水电,27.74015561,105.8084065,1331
457,四川省,水电,33.7736307,97.76276624,1575
458,四川省,水电,32.15766718,105.3418634,710
459,四川省,水电,28.63814055,102.8030046,948
460,四川省,水电,31.29930956,103.3335244,1979
461,四川省,水电,31.60000342,108.0691899,1032
462,四川省,水电,29.1533884,105.3974972,1495
463,四川省,水电,28.75118298,99.17920227,1979
464,四川省,水电,28.68422881,99.40608239,834
465,四川省,水电,29.45625093,100.4772652,918
466,四川省,水电,32.33235991,105.8118304,1365
467,四川省,水电,31.56725545,106.4013467,1120
468,四川省,水电,29.77972518,100.8430875,793
469,四川省,水电,32.2018235,101.6989707,1199
470,四川省,水电,31.68807766,103.1888265,786
471,四川省,水电,32.3554314,101.876587,1129
472,四川省,水电,32.58304274,101.2561237,1518
473,四川省,水电,30.41718139,101.411792,1322
474,四川省,水电,28.29210292,102.5296207,1647
475,四川省,水电,32.75450007,98.24182056,1099
476,四川省,水电,28.6069842,99.29592487,1965
477,四川省,水电,29.42694425,103.6144104,1924
478,四川省,水电,32.55587352,105.5779897,1788
479,四川省,水电,32.11444252,106.7380954,877
480,四川省,水电,32.89833737,99.13677334,904
481,四川省,水电,30.95065751,104.9776166,515
482,四川省,水电,28.46858635,104.8669484,1489
483,四川省,水电,29.72327881,104.9618299,1327
484,四川省,水电,27.7770984,105.723541,1424
485,四川省,水电,31.04703316,108.0251422,1707
486,四川省,水电,27.38886693,102.5494793,1720
487,四川省,水电,30.99891232,103.606739,558
488,四川省,水电,32.0814696,105.994643,853
489,四川省,水电,30.30528106,103.7368138,1635
490,四川省,水电,29.33528335,104.8228095,629
491,四川省,水电,31.53350111,99.94239187,936
492,四川省,水电,29.98350222,103.6919338,1587
493,四川省,水电,29.07576646,104.5137368,1637
494,四川省,水电,30.08421444,106.8765347,1665
495,四川省,水电,32.03571253,102.4059568,528
496,四川省,水电,31.71456135,98.9244052,896
497,四川省,水电,32.14013241,102.9226824,1759
498,四川省,水电,29.38274229,99.86292749,679
499,四川省,水电,30.14427671,100.603394,1573
500,四川省,水电,31.10207736,107.3437714,1636
501,四川省,水电,31.76601599,108.3615058,511
502,四川省,水电,30.17323077,103.1843503,1031
503,四川省,水电,31.27139553,99.80057477,1734
504,四川省,水电,29.50224907,99.93768077,1250
505,四川省,水电,33.7299936,98.0718709,1827
506,四川省,水电,33.78210284,97.47277792,1263
507,四川省,水电,27.65825995,101.7762686,597
508,四川省,水电,29.65386888,104.2938399,1003
509,四川省,水电,29.22702221,102.839558,1885
510,四川省,风电,27.44558012,102.0726913,811
511,四川省,风电,30.25091925,100.1118626,1097
512,四川省,光伏,30.46849841,103.0939975,1650
513,湖北省,火电,30.15703595,115.5860969,932
514,湖北省,火电,31.21453055,110.7361189,1360
515,湖北省,火电,30.13642636,113.9556984,553
516,湖北省,火电,30.47406593,111.5233453,1283
517,湖北省,火电,30.36636457,115.1333544,824
518,湖北省,火电,32.13805897,112.4574601,1853
519,湖北省,火电,30.77152889,113.3388617,1604
520,湖北省,火电,30.92939201,115.954762,1717
521,湖北省,水电,30.91607565,114.9650268,1885
522,湖北省,水电,30.91845861,115.6723785,1777
523,湖北省,水电,30.7238244,110.2295198,1262
524,湖北省,水电,30.60509738,110.4884182,1621
525,湖北省,水电,30.1864498,109.929028,1059
526,湖北省,水电,29.31590489,113.9816015,1524
527,湖北省,水电,31.73193925,113.9345126,1740
528,湖北省,水电,30.87378283,111.1936896,1622
529,湖北省,水电,31.0103242,110.9466079,507
530,湖北省,水电,29.72892082,114.9594874,1991
531,湖北省,水电,30.85828805,110.6236254,1229
532,湖北省,水电,32.83548579,110.6243673,536
533,湖北省,水电,32.868656,110.4978122,1437
534,湖北省,水电,31.97420995,113.3578406,947
535,湖北省,水电,31.6210944,111.3528608,1731
536,湖北省,水电,32.09188474,113.2816915,1605
537,湖北省,水电,32.52774933,110.6977202,1119
538,湖北省,水电,30.18659646,110.5013324,1381
539,湖北省,水电,29.52873046,113.8594067,1690
540,湖北省,水电,31.35894767,111.647524,1348
541,湖北省,水电,29.28559672,113.6940852,537
542,湖北省,水电,30.8850445,111.9135827,966
543,湖北省,水电,32.14064358,111.4578646,697
544,湖北省,水电,31.59041405,113.1187029,1506
545,湖北省,水电,29.83701372,109.0448556,602
546,湖北省,水电,31.33709675,111.2930234,916
547,湖北省,水电,30.43226435,110.8051704,1933
548,湖北省,水电,30.62607672,111.4336529,1550
549,湖北省,水电,30.20317979,110.5834604,1779
550,湖北省,水电,30.08261012,112.7446679,1292
551,湖北省,水电,31.13309553,114.1742878,1085
552,湖北省,水电,32.88563975,111.0807294,962
553,湖北省,风电,30.0171539,111.7978314,1801
554,湖北省,风电,31.34692141,112.1027555,1749
555,湖北省,风电,29.65932816,114.6518334,1549
556,湖北省,光伏,29.2759207,113.8665061,1063
557,湖北省,光伏,30.38756465,108.8834266,1846
558,湖北省,光伏,31.75140142,111.6311995,1383
559,湖北省,光伏,32.79767468,111.2360911,1109
560,安徽省,火电,30.53684096,119.1588718,928
561,安徽省,火电,31.24724776,117.2273045,1046
562,安徽省,火电,32.49620938,118.5446324,1490
563,安徽省,火电,31.32320577,117.5583499,644
564,安徽省,火电,32.74926755,115.5667985,791
565,安徽省,火电,30.5803957,118.7795264,861
566,安徽省,火电,31.20083477,116.9439356,1787
567,安徽省,火电,33.59999151,117.2065815,754
568,安徽省,火电,31.98381144,116.6180465,1144
569,安徽省,火电,29.85070962,117.542691,1644
570,安徽省,火电,31.96294343,116.8329922,1146
571,安徽省,火电,31.05373421,116.0823052,1390
572,安徽省,火电,31.69730555,117.526741,1851
573,安徽省,火电,29.92848906,117.5871487,1879
574,安徽省,火电,30.13363134,116.5348253,688
575,安徽省,火电,31.10406904,117.6711973,1028
576,安徽省,水电,32.19423613,117.1242293,1345
577,安徽省,风电,29.87571756,116.8819731,1064
578,安徽省,光伏,31.54019949,118.3641201,1837
579,安徽省,光伏,32.65361297,116.7989232,560
580,安徽省,光伏,33.77743579,116.842099,954
581,安徽省,光伏,31.1532612,118.8436396,901
582,安徽省,光伏,32.34815308,117.1917517,1417
583,安徽省,光伏,30.93423763,117.8005454,1316
584,安徽省,光伏,30.0767115,117.0244977,1179
585,安徽省,光伏,33.08844714,117.9527544,1083
586,江苏省,火电,32.94633189,118.8092329,1098
587,江苏省,火电,33.97849852,120.0122517,1371
588,江苏省,火电,33.47954633,120.6103495,1222
589,江苏省,火电,33.62651663,120.6033512,741
590,江苏省,火电,32.15442293,120.0023935,703
591,江苏省,火电,34.75929529,116.8500346,1903
592,江苏省,火电,34.49565986,119.4346091,831
593,江苏省,火电,34.31514607,119.2287388,1421
594,江苏省,火电,31.98540641,119.1816055,1766
595,江苏省,火电,34.74888634,119.0773,1990
596,江苏省,火电,33.89614398,118.5535989,738
597,江苏省,火电,31.51137984,119.8718121,1097
598,江苏省,火电,34.26007912,119.334006,1757
599,江苏省,火电,31.99766733,121.680865,1639
600,江苏省,火电,32.03223385,121.2784542,1455
601,江苏省,火电,33.11322253,118.6160727,1775
602,江苏省,火电,33.11950469,118.4759385,1995
603,江苏省,火电,31.67632867,118.9517155,500
604,江苏省,火电,31.18576053,119.6160721,1650
605,江苏省,火电,32.33486048,120.4255997,1889
606,江苏省,火电,32.89314694,120.2067342,1576
607,江苏省,火电,32.49852154,119.0387913,1735
608,江苏省,火电,32.88278328,120.9636801,1810
609,江苏省,火电,31.62350337,119.2460109,511
610,江苏省,火电,32.99679608,119.8633905,1342
611,江苏省,火电,33.63675045,119.5520282,1203
612,江苏省,火电,31.26065088,119.2396161,519
613,江苏省,火电,33.89340043,119.8834306,1570
614,江苏省,火电,32.42833702,121.3707032,1916
615,江苏省,火电,31.5232322,119.1100186,577
616,江苏省,火电,34.32316369,119.3887954,1785
617,江苏省,火电,32.95688007,120.2956716,990
618,江苏省,火电,34.28391693,119.4194661,1084
619,江苏省,风电,33.47478591,119.5882948,767
620,江苏省,风电,30.92105896,120.5184581,1116
621,江苏省,风电,34.30788955,118.117856,1560
622,江苏省,风电,31.61563625,120.0640894,1063
623,江苏省,风电,31.85398584,119.3598987,1434
624,江苏省,风电,33.78170315,117.8158319,1602
625,江苏省,风电,34.76109257,116.9155197,848
626,江苏省,风电,32.01080481,119.0642469,1865
627,江苏省,风电,34.67752663,116.7857746,813
628,江苏省,风电,33.9927918,120.2312858,1068
629,江苏省,光伏,32.5242634,120.5687156,1093
630,江苏省,光伏,34.79258296,116.5498683,1832
631,江苏省,光伏,34.46861053,117.2989789,1464
632,江苏省,光伏,31.31255529,119.3132698,1117
633,江苏省,光伏,34.6019231,117.9804333,1569
634,江苏省,光伏,33.52814458,118.9541931,655
635,江苏省,光伏,33.92330107,119.2720233,1596
636,江苏省,光伏,33.56586525,119.6240011,776
637,江苏省,光伏,32.31571919,120.6069699,1328
638,青海省,火电,33.33096729,91.39140183,1615
639,青海省,水电,35.28677819,97.50048164,1309
640,青海省,水电,34.10370661,95.81691737,1965
641,青海省,水电,36.89580033,100.6433134,1842
642,青海省,水电,33.9386759,94.43609459,657
643,青海省,水电,37.70339463,95.9777829,980
644,青海省,水电,33.99264347,100.086679,526
645,青海省,水电,36.71669838,101.2618092,1018
646,青海省,水电,34.67054332,100.4492311,1003
647,青海省,光伏,37.28828486,91.45581454,1731
648,青海省,光伏,35.59683761,96.72567741,803
649,青海省,光伏,34.82890165,91.48655585,673
650,青海省,光伏,38.02261706,92.69865561,902
651,青海省,光伏,34.76232285,101.1064189,566
652,青海省,光伏,35.6019977,95.04597549,1379
653,青海省,光伏,33.15549229,95.38889831,1423
654,青海省,光伏,37.02707133,96.61302374,1411
655,青海省,光伏,34.29871021,99.0322651,605
656,青海省,光伏,33.41173496,101.4197929,650
657,青海省,光伏,33.54509189,99.99709203,971
658,青海省,光伏,38.48551856,91.01671281,1189
659,甘肃省,火电,37.12098927,103.1262808,1300
660,甘肃省,火电,39.74307137,97.33448519,1312
661,甘肃省,火电,32.64728571,104.7471462,623
662,甘肃省,火电,34.94259792,102.31982,696
663,甘肃省,火电,35.38750745,103.4928832,1794
664,甘肃省,火电,41.4886357,96.35468622,1994
665,甘肃省,水电,41.30115798,97.65738502,704
666,甘肃省,水电,35.47934739,105.6939028,720
667,甘肃省,水电,34.71775475,105.9137804,764
668,甘肃省,水电,39.99595241,94.97412635,880
669,甘肃省,水电,34.28817839,100.8900787,1586
670,甘肃省,水电,42.49539704,96.45438538,1443
671,甘肃省,水电,35.88514645,107.5993832,1569
672,甘肃省,水电,35.42621922,106.780612,504
673,甘肃省,风电,40.23197586,98.2380912,1229
674,甘肃省,风电,39.96047027,97.97254772,1109
675,甘肃省,风电,35.09198854,104.3252019,978
676,甘肃省,风电,39.99157763,98.07351835,530
677,甘肃省,风电,41.6921824,96.5346037,1862
678,甘肃省,风电,34.82866724,104.0663598,1592
679,甘肃省,风电,40.39749059,97.19528822,828
680,甘肃省,风电,40.75777562,98.25899551,751
681,甘肃省,风电,34.13343201,104.7957591,1859
682,甘肃省,风电,34.7529944,102.2065418,1156
683,甘肃省,风电,37.69414606,103.0087937,1675
684,甘肃省,风电,35.66998631,104.7470386,1618
685,甘肃省,风电,36.32433778,107.7094089,1541
686,甘肃省,风电,38.9402212,94.63782687,1156
687,甘肃省,光伏,42.25610657,97.21227216,810
688,甘肃省,光伏,38.3338387,96.48276527,930
689,甘肃省,光伏,39.08527053,104.0677943,1449
690,甘肃省,光伏,37.7830018,103.1949469,1240
691,甘肃省,光伏,35.71042084,108.2987676,1978
692,甘肃省,光伏,34.88555796,102.288275,667
693,甘肃省,光伏,34.56096083,104.2997902,1710
694,甘肃省,光伏,40.65794436,95.14416,1882
695,甘肃省,光伏,36.2816147,104.9963686,1155
696,陕西省,火电,34.4033808,108.639747,1549
697,陕西省,火电,37.62188782,110.4168615,1147
698,陕西省,火电,35.5838178,110.1205318,897
699,陕西省,火电,35.28255543,109.3341409,1021
700,陕西省,火电,37.56049308,110.070273,1505
701,陕西省,火电,36.73156671,108.2904466,759
702,陕西省,火电,38.22376853,109.9730511,1402
703,陕西省,火电,34.20694471,106.5840267,944
704,陕西省,火电,37.14646171,107.5388528,1052
705,陕西省,火电,36.82191613,109.5936578,1993
706,陕西省,火电,34.6863322,106.6586234,1905
707,陕西省,火电,38.81093172,110.1914254,919
708,陕西省,水电,37.48917265,109.1241962,1279
709,陕西省,水电,37.57939204,110.4637368,619
710,陕西省,水电,32.6353255,107.855915,1852
711,陕西省,风电,33.78540538,109.1965331,1983
712,陕西省,风电,34.32513243,109.413658,787
713,陕西省,风电,36.07868732,109.0700919,1438
714,陕西省,光伏,36.83020033,110.0403583,524
715,陕西省,光伏,36.25588942,109.8940892,1036
716,陕西省,光伏,33.18234976,106.1093305,611
717,陕西省,光伏,36.81759057,108.9025134,1186
718,陕西省,光伏,36.55648906,109.9764401,1960
719,陕西省,光伏,35.1898827,108.2325491,1547
720,陕西省,光伏,34.78341905,108.1055488,792
721,陕西省,光伏,34.88732831,109.1593781,1366
722,山西省,火电,36.57023327,111.7862567,1635
723,山西省,火电,35.34049757,111.0142765,1630
724,山西省,火电,39.60240977,112.7454696,1946
725,山西省,火电,35.89735421,112.8347321,1541
726,山西省,火电,38.04808637,111.7059541,1793
727,山西省,火电,39.75610563,112.0532768,700
728,山西省,火电,40.07385859,112.7005663,1815
729,山西省,火电,39.4113328,111.860397,573
730,山西省,火电,38.68604927,112.0974995,1177
731,山西省,火电,40.08679976,113.7328114,1332
732,山西省,火电,36.56488918,113.07068,1981
733,山西省,火电,36.20375817,112.9878385,1163
734,山西省,火电,35.653503,113.4436664,1490
735,山西省,火电,36.50015005,110.8671385,1479
736,山西省,火电,36.65736139,111.8175773,1851
737,山西省,火电,38.5678511,111.5059969,1954
738,山西省,火电,39.19715845,113.7393818,1695
739,山西省,火电,37.27497974,112.8475453,1749
740,山西省,火电,36.39280838,111.420977,1975
741,山西省,风电,39.5514987,113.2858944,513
742,山西省,风电,37.85793934,111.5751441,1460
743,山西省,风电,36.89068426,111.4590188,1820
744,山西省,风电,35.89548387,111.944612,551
745,山西省,风电,36.82580756,112.9182784,1829
746,山西省,风电,36.55653907,112.9572428,1448
747,山西省,风电,37.88481848,111.6383536,670
748,山西省,风电,38.44679337,112.7232402,1613
749,山西省,风电,35.2872144,112.4020627,1207
750,山西省,风电,38.52051893,111.8690045,1763
751,山西省,风电,37.46760676,110.941427,1639
752,山西省,风电,37.86171632,112.2477389,1453
753,山西省,光伏,38.99387599,113.2176214,1854
754,山西省,光伏,40.50627344,114.0466051,1642
755,山西省,光伏,37.19495399,110.9191202,882
756,山西省,光伏,39.75246912,114.0023678,1044
757,山西省,光伏,35.61909897,111.89848,1541
758,山西省,光伏,35.35974649,112.2766388,658
759,山西省,光伏,37.6542932,111.6344973,1242
760,山西省,光伏,35.43252061,110.9584479,1227
761,山西省,光伏,40.09877984,112.8193158,1214
762,河南省,火电,34.21666531,113.7607067,1358
763,河南省,火电,34.09423268,115.2184531,1647
764,河南省,火电,31.54585001,115.0643349,959
765,河南省,火电,32.16004457,114.6260007,1564
766,河南省,火电,34.09992956,114.5271556,1542
767,河南省,火电,34.13694289,114.1647601,1358
768,河南省,火电,35.7792657,114.9767088,1135
769,河南省,火电,33.65908524,111.687969,1350
770,河南省,火电,32.96907861,112.1250704,1855
771,河南省,火电,32.22617813,114.196387,678
772,河南省,火电,34.92142366,113.4930354,1782
773,河南省,火电,31.72611394,115.4343106,639
774,河南省,火电,32.89173162,113.4839633,965
775,河南省,火电,31.85433174,114.4512937,543
776,河南省,火电,32.24701853,115.7294217,758
777,河南省,火电,34.05938427,114.0112435,1621
778,河南省,火电,34.81196338,112.0392724,1080
779,河南省,火电,35.46713365,114.0109035,1845
780,河南省,火电,34.15412511,111.0735861,1391
781,河南省,火电,35.14816033,114.0342512,1105
782,河南省,水电,32.6408208,115.1346585,1214
783,河南省,水电,34.13596205,114.645131,1948
784,河南省,风电,32.8243243,114.7521466,946
785,河南省,风电,34.06324996,110.811478,1839
786,河南省,光伏,33.6405375,112.4364066,805
787,河南省,光伏,32.33535764,115.6307018,1633
788,河南省,光伏,35.73509613,114.7662512,1603
789,河南省,光伏,33.47184609,111.9214829,651
790,河南省,光伏,33.11511257,111.5346776,1964
791,河南省,光伏,32.01098363,114.2360526,733
792,河北省,火电,41.85672329,115.8683954,1042
793,河北省,火电,41.34540266,115.7799964,624
794,河北省,火电,38.86778417,114.6725066,1853
795,河北省,火电,39.09855244,116.3605006,1153
796,河北省,火电,36.3662451,114.4978754,1712
797,河北省,火电,41.77365665,114.5792788,1680
798,河北省,火电,41.02530758,117.4702776,963
799,河北省,火电,40.25820733,115.6324541,1248
800,河北省,火电,36.7340181,114.5535651,1388
801,河北省,火电,36.44208391,114.377647,1343
802,河北省,火电,41.85548865,116.9628165,1436
803,河北省,火电,41.79390135,117.4480312,1155
804,河北省,火电,40.42380681,114.7782179,1780
805,河北省,火电,41.97340134,114.6292346,1993
806,河北省,火电,38.84766363,116.1405109,1285
807,河北省,火电,42.03577549,117.4578019,1547
808,河北省,火电,38.0710594,116.1825842,1321
809,河北省,火电,37.39955402,114.7997401,1476
810,河北省,风电,40.95535445,114.3527553,1137
811,河北省,风电,39.46623013,114.531884,1033
812,河北省,风电,36.2223347,114.5635057,1010
813,河北省,风电,38.89596464,116.262105,1487
814,河北省,风电,37.75677715,114.3713898,1845
815,河北省,风电,36.73557537,114.213598,1617
816,河北省,风电,38.51432959,115.5507703,623
817,河北省,风电,37.02739432,115.3329064,1133
818,河北省,风电,38.19914749,113.9781446,1971
819,河北省,风电,39.70242519,118.9993772,799
820,河北省,风电,42.46379006,117.3052147,1074
821,河北省,风电,40.67371271,115.6713424,702
822,河北省,风电,38.13758203,115.9378663,938
823,河北省,风电,37.6140454,114.3986177,626
824,河北省,风电,39.74401415,118.9234212,1470
825,河北省,风电,36.5432294,114.1323927,1474
826,河北省,风电,40.79858594,116.2589431,886
827,河北省,光伏,41.4365038,116.5852202,1544
828,河北省,光伏,37.90306534,115.3218197,1092
829,河北省,光伏,40.30991895,117.6143024,793
830,河北省,光伏,40.81344304,116.9168804,568
831,河北省,光伏,42.24729495,117.8680564,1175
832,河北省,光伏,41.05920106,115.127494,1872
833,河北省,光伏,41.14437773,116.7592607,1178
834,河北省,光伏,38.66216441,115.0138806,617
835,河北省,光伏,41.43837998,116.957519,1543
836,河北省,光伏,41.41610533,118.0443555,1208
837,山东省,火电,35.8153107,119.6372277,1539
838,山东省,火电,35.33741838,117.9992176,1922
839,山东省,火电,35.84499728,118.6681935,1103
840,山东省,火电,36.97056904,117.7441035,1593
841,山东省,火电,36.23026278,121.0451803,1868
842,山东省,火电,36.96389612,120.3925619,1034
843,山东省,火电,36.77239898,119.4952213,1913
844,山东省,火电,35.12988002,117.8965806,1740
845,山东省,火电,37.55305275,118.4048964,1357
846,山东省,火电,35.69071885,119.6298635,776
847,山东省,火电,37.9701425,118.0045601,1246
848,山东省,火电,35.65978861,119.875872,801
849,山东省,火电,35.72252392,120.0980931,1850
850,山东省,火电,36.05451602,116.4680405,577
851,山东省,火电,35.14680952,117.4969443,1829
852,山东省,火电,36.339358,117.3967109,1305
853,山东省,火电,36.22339823,116.0600932,798
854,山东省,火电,35.1375827,119.4204826,1862
855,山东省,火电,36.38376459,115.5141238,904
856,山东省,火电,35.70256256,116.5127003,1985
857,山东省,火电,37.81308782,119.165878,1920
858,山东省,火电,36.03312945,117.0819416,1027
859,山东省,火电,35.13465102,117.0194271,1803
860,山东省,火电,37.01425271,121.2334816,850
861,山东省,火电,35.95068156,116.956634,1699
862,山东省,火电,36.61244771,118.2156126,1070
863,山东省,火电,37.22476128,121.5059657,1310
864,山东省,火电,34.74828812,117.9423191,1145
865,山东省,火电,36.34475837,119.5047189,1551
866,山东省,火电,37.69169656,117.0636055,645
867,山东省,火电,37.56185297,121.3110998,615
868,山东省,火电,37.28168041,121.8409513,1352
869,山东省,火电,36.52923025,118.4660756,1038
870,山东省,火电,34.90897973,117.9088073,1045
871,山东省,火电,36.63811464,120.0787886,812
872,山东省,火电,35.49804337,118.4925625,972
873,山东省,火电,34.72078898,117.1199585,1828
874,山东省,风电,34.78917487,118.331398,1561
875,山东省,风电,37.29532879,118.4274877,1119
876,山东省,风电,36.80090628,117.1731142,945
877,山东省,风电,35.56505287,118.9301178,825
878,山东省,风电,35.55442249,116.8396987,1922
879,山东省,风电,36.9055743,119.9292946,1528
880,山东省,风电,35.2119328,117.7058945,1096
881,山东省,风电,35.42555005,117.1654568,944
882,山东省,风电,36.73156173,116.9281621,1410
883,山东省,风电,36.97809267,117.5417484,1179
884,山东省,风电,36.94642896,117.4937731,1227
885,山东省,风电,35.79925579,119.9482656,895
886,山东省,风电,34.82132034,116.1717181,1134
887,山东省,光伏,35.45009553,117.6738758,1403
888,山东省,光伏,37.38897769,118.1343213,1902
889,山东省,光伏,35.56643352,116.27454,546
890,山东省,光伏,34.84864566,116.3696693,1326
891,山东省,光伏,35.95101675,116.3254017,1613
892,山东省,光伏,35.26317851,118.307321,1020
893,山东省,光伏,37.47477545,118.715863,1604
894,辽宁省,火电,41.7862602,119.4282458,658
895,辽宁省,火电,40.70498173,124.3527589,720
896,辽宁省,火电,40.40754047,120.3720178,1247
897,辽宁省,火电,40.6203247,122.3673364,882
898,辽宁省,火电,38.87204205,121.6271169,1256
899,辽宁省,火电,41.77641246,122.7282954,1239
900,辽宁省,火电,40.78928306,119.2347879,1559
901,辽宁省,火电,40.91895467,122.5095717,1258
902,辽宁省,火电,43.17476222,124.2180763,942
903,辽宁省,火电,41.06906244,120.1429543,1830
904,辽宁省,火电,42.14093072,124.1928018,1101
905,辽宁省,风电,40.03089755,122.7280999,1315
906,辽宁省,风电,42.12048584,123.0865136,1317
907,辽宁省,风电,40.95160315,124.5565453,1583
908,辽宁省,风电,41.28650913,119.423631,1180
909,辽宁省,风电,42.56467642,123.8357474,1055
910,辽宁省,风电,40.50335328,123.5886217,1139
911,辽宁省,风电,42.34145526,123.6281306,1596
912,辽宁省,风电,41.65710009,119.5018872,1338
913,辽宁省,风电,40.8956995,122.6661228,1889
914,辽宁省,光伏,42.83303626,124.6701139,1882
915,辽宁省,光伏,40.31096632,123.2024292,613
916,吉林省,火电,43.87404638,128.5406026,728
917,吉林省,火电,43.4140824,126.4316196,1663
918,吉林省,火电,42.45366388,125.2440771,642
919,吉林省,火电,43.15744693,125.9123672,1201
920,吉林省,水电,43.31674464,124.8833431,1894
921,吉林省,风电,44.86365122,125.9741231,1080
922,吉林省,风电,43.69299743,127.9068355,1799
923,吉林省,风电,44.73624161,126.3882197,1579
924,吉林省,风电,42.66701469,130.5081135,673
925,吉林省,风电,42.92511205,127.9077031,1343
926,吉林省,风电,44.03811556,126.6347833,1268
927,吉林省,风电,43.03727717,127.8915867,1098
928,吉林省,光伏,42.14041587,127.8915704,1519
929,吉林省,光伏,43.48135378,125.0509232,653
930,黑龙江省,火电,48.86443812,126.5948135,1275
931,黑龙江省,火电,49.17075615,125.6613405,811
932,黑龙江省,火电,47.89469989,134.2092325,1435
933,黑龙江省,火电,44.56062219,129.5734464,1236
934,黑龙江省,火电,45.09249782,129.5129453,746
935,黑龙江省,火电,47.23532952,124.2073522,521
936,黑龙江省,风电,43.92960943,130.7024885,1594
937,黑龙江省,风电,52.66566739,124.6298259,1724
938,黑龙江省,风电,47.45880088,133.2163366,1830
939,黑龙江省,风电,52.80243087,125.0623779,1773
940,黑龙江省,风电,47.25877602,126.4245437,1934
941,黑龙江省,风电,46.56264872,132.7884457,1766
942,黑龙江省,风电,46.40862437,128.5226434,1468
943,黑龙江省,光伏,51.86026961,125.4061949,1340
944,黑龙江省,光伏,52.89737804,122.4117131,1180
945,浙江省,核电,120.9,30.4,1867
946,广东省,核电,114.5,22.6,1674
947,广东省,核电,114.5,22.6,788
948,江苏省,核电,119.5,34.7,690
949,辽宁省,核电,121.5,39.8,1244
950,福建省,核电,120.3,27,1365
951,福建省,核电,119.4,25.7,1024
952,广东省,核电,112,21.9,856
953,浙江省,核电,121.6,29.1,978
954,山东省,核电,121.3,36.7,622
955,广东省,核电,112.7,21.9,1977
956,海南省,核电,108,19.4,1827
957,广西壮族自治区,核电,108.5,21.7,1366
